{
  "Adam": {
    "best_match": "trumpet",
    "scores": {
      "aguitar": 0.09726836028595537,
      "bguitar": 0.08338993849312391,
      "cello": 0.08843764060996293,
      "eguitar": 0.08302163187441387,
      "flute": 0.08479997214362577,
      "hihat": 0.09045936557915993,
      "kickdrum": 0.09016061508194965,
      "piano": 0.0948337464041615,
      "snaredrum": 0.09219937284025471,
      "trumpet": 0.09877387185738049,
      "violin": 0.09665548483001173
    }
  },
  "Aditya": {
    "best_match": "violin",
    "scores": {
      "aguitar": 0.0824807575576791,
      "bguitar": 0.07842144381504634,
      "cello": 0.08785607005856418,
      "eguitar": 0.09073837968278134,
      "flute": 0.09253357901319095,
      "hihat": 0.08288617771367084,
      "kickdrum": 0.09395142219566703,
      "piano": 0.08726303136197996,
      "snaredrum": 0.08583485417481958,
      "trumpet": 0.10287619878117907,
      "violin": 0.11515808564542163
    }
  },
  "Atharv": {
    "best_match": "violin",
    "scores": {
      "aguitar": 0.0765098364986395,
      "bguitar": 0.06773240255793879,
      "cello": 0.09893478992590793,
      "eguitar": 0.09346070992401276,
      "flute": 0.09830608117332147,
      "hihat": 0.07790167377713118,
      "kickdrum": 0.08602808544280782,
      "piano": 0.08788393522652696,
      "snaredrum": 0.08400077449294553,
      "trumpet": 0.10446665682167607,
      "violin": 0.12477505415909206
    }
  },
  "Daniel 1": {
    "best_match": "cello",
    "scores": {
      "aguitar": 0.08795646324303825,
      "bguitar": 0.09334700706649599,
      "cello": 0.09865388470526858,
      "eguitar": 0.08882770612028065,
      "flute": 0.09046513006668146,
      "hihat": 0.08817154399394131,
      "kickdrum": 0.08991430168232774,
      "piano": 0.08978053300609307,
      "snaredrum": 0.08905081123067826,
      "trumpet": 0.09212967411608697,
      "violin": 0.09170294476910756
    }
  },
  "Dhinakn": {
    "best_match": "snaredrum",
    "scores": {
      "aguitar": 0.073308193035594,
      "bguitar": 0.0732968280005883,
      "cello": 0.08843261580003646,
      "eguitar": 0.08525172152389851,
      "flute": 0.08180129215925067,
      "hihat": 0.09723744483196438,
      "kickdrum": 0.11388567310772925,
      "piano": 0.07061732688918246,
      "snaredrum": 0.11484928652995033,
      "trumpet": 0.1041709180830816,
      "violin": 0.097148700038724
    }
  },
  "Eason": {
    "best_match": "cello",
    "scores": {
      "aguitar": 0.0749057626241201,
      "bguitar": 0.08237112124048596,
      "cello": 0.10452550309750436,
      "eguitar": 0.09413179630544682,
      "flute": 0.09863838589095236,
      "hihat": 0.0799440649974453,
      "kickdrum": 0.08892756625932041,
      "piano": 0.086290091996237,
      "snaredrum": 0.0842972696471349,
      "trumpet": 0.10402011227527404,
      "violin": 0.10194832566607866
    }
  },
  "Hansen": {
    "best_match": "violin",
    "scores": {
      "aguitar": 0.07548026457724201,
      "bguitar": 0.06897759409130418,
      "cello": 0.09308259585090024,
      "eguitar": 0.09024620758932196,
      "flute": 0.08483600001817417,
      "hihat": 0.08563085427197908,
      "kickdrum": 0.09596502835770641,
      "piano": 0.08507110103623955,
      "snaredrum": 0.08509972686677766,
      "trumpet": 0.11604350420217271,
      "violin": 0.11956712313818192
    }
  },
  "Ibrahim": {
    "best_match": "flute",
    "scores": {
      "aguitar": 0.07597167007863076,
      "bguitar": 0.0779976552960152,
      "cello": 0.09066057447398287,
      "eguitar": 0.1003426141771248,
      "flute": 0.10224786833393992,
      "hihat": 0.08177999851414701,
      "kickdrum": 0.09638203891053641,
      "piano": 0.08766415703402881,
      "snaredrum": 0.0930475986852718,
      "trumpet": 0.100103821841032,
      "violin": 0.09380200265529053
    }
  },
  "Jacob": {
    "best_match": "piano",
    "scores": {
      "aguitar": 0.08950287636121887,
      "bguitar": 0.07320093060270734,
      "cello": 0.08844627646384548,
      "eguitar": 0.0872421978186072,
      "flute": 0.08488824119366002,
      "hihat": 0.07754897333193958,
      "kickdrum": 0.0898221319316058,
      "piano": 0.12676241513081363,
      "snaredrum": 0.08144092866694258,
      "trumpet": 0.09910537363842044,
      "violin": 0.1020396548602391
    }
  },
  "Jadon": {
    "best_match": "violin",
    "scores": {
      "aguitar": 0.07431499851360476,
      "bguitar": 0.07007040898595443,
      "cello": 0.09585350297916884,
      "eguitar": 0.08707232690746251,
      "flute": 0.09477402429719263,
      "hihat": 0.07989842381753173,
      "kickdrum": 0.09645986019377259,
      "piano": 0.08720672504429423,
      "snaredrum": 0.08596699566485394,
      "trumpet": 0.11211066252575967,
      "violin": 0.11627207107040467
    }
  },
  "Jake": {
    "best_match": "kickdrum",
    "scores": {
      "aguitar": 0.07820946991305981,
      "bguitar": 0.07523609241835058,
      "cello": 0.09614754815528116,
      "eguitar": 0.09284280606866706,
      "flute": 0.09076293299968739,
      "hihat": 0.08803116227840062,
      "kickdrum": 0.11703996925590736,
      "piano": 0.07042871853830301,
      "snaredrum": 0.10183376027469916,
      "trumpet": 0.0879737972050294,
      "violin": 0.10149374289261438
    }
  },
  "Jerry": {
    "best_match": "violin",
    "scores": {
      "aguitar": 0.08395743825429966,
      "bguitar": 0.07872587584265056,
      "cello": 0.09632361951432242,
      "eguitar": 0.08927399482019563,
      "flute": 0.09003762160261088,
      "hihat": 0.08697180420465295,
      "kickdrum": 0.09151301478153957,
      "piano": 0.0888667669450358,
      "snaredrum": 0.08702866624871465,
      "trumpet": 0.09884247245485238,
      "violin": 0.10845872533112552
    }
  },
  "John": {
    "best_match": "kickdrum",
    "scores": {
      "aguitar": 0.0752393738815678,
      "bguitar": 0.0778066612012361,
      "cello": 0.09631455882482129,
      "eguitar": 0.09254727172797925,
      "flute": 0.08656341457258412,
      "hihat": 0.08792814344504181,
      "kickdrum": 0.12950934387124746,
      "piano": 0.06851144166073553,
      "snaredrum": 0.09874512210080215,
      "trumpet": 0.09180972173782928,
      "violin": 0.09502494697615531
    }
  },
  "Ken": {
    "best_match": "kickdrum",
    "scores": {
      "aguitar": 0.07944542168364047,
      "bguitar": 0.07711636691098732,
      "cello": 0.09817185920472868,
      "eguitar": 0.0960951418693784,
      "flute": 0.08749152873090257,
      "hihat": 0.08524353645073045,
      "kickdrum": 0.11284073393878982,
      "piano": 0.07845866979299061,
      "snaredrum": 0.09331179701492524,
      "trumpet": 0.1002510653123312,
      "violin": 0.09157387909059526
    }
  },
  "Naman": {
    "best_match": "violin",
    "scores": {
      "aguitar": 0.0764006340615787,
      "bguitar": 0.0807593678599334,
      "cello": 0.09345165763310889,
      "eguitar": 0.10018390067982852,
      "flute": 0.10096994908164478,
      "hihat": 0.08131755238897867,
      "kickdrum": 0.09654074370495219,
      "piano": 0.0731816913728242,
      "snaredrum": 0.10041747954039368,
      "trumpet": 0.09175352001123706,
      "violin": 0.10502350366552
    }
  },
  "Richard Mao": {
    "best_match": "trumpet",
    "scores": {
      "aguitar": 0.08037859527422798,
      "bguitar": 0.07171020950157315,
      "cello": 0.095228743685373,
      "eguitar": 0.08631227476074808,
      "flute": 0.0844055530359769,
      "hihat": 0.08247914245873127,
      "kickdrum": 0.10130549263790029,
      "piano": 0.09025377776768952,
      "snaredrum": 0.08720533865802284,
      "trumpet": 0.11676670774984094,
      "violin": 0.10395416446991601
    }
  },
  "Samyak": {
    "best_match": "cello",
    "scores": {
      "aguitar": 0.08457511435594763,
      "bguitar": 0.087899831381811,
      "cello": 0.10089085844357695,
      "eguitar": 0.08755692036286766,
      "flute": 0.08781386418894847,
      "hihat": 0.0895865398592085,
      "kickdrum": 0.09167698395188817,
      "piano": 0.08772617601623799,